ASM,Contrast,Entropy,Homogeneity,Correlation,Class
0.010557372,94.92436158,12.06804434,0.511447302,1.89E-05,pubescent bamboo
0.012192057,74.8902229,11.94921448,0.551726212,1.82E-05,pubescent bamboo
0.010030924,94.54649711,12.25816824,0.489018177,1.93E-05,pubescent bamboo
0.012667568,69.90899079,11.82832451,0.515380998,1.77E-05,pubescent bamboo
0.010194314,88.75650165,12.14640435,0.493908438,1.89E-05,pubescent bamboo
0.012007026,105.15517,12.02782102,0.452739652,1.76E-05,pubescent bamboo
0.01324786,60.98224632,11.6116328,0.539260019,1.88E-05,pubescent bamboo
0.010797227,65.35558987,11.96787962,0.500225187,1.80E-05,pubescent bamboo
0.009065527,85.07779689,12.18813241,0.482236082,1.83E-05,pubescent bamboo
0.014272709,69.21231027,11.59022438,0.543539213,1.81E-05,pubescent bamboo
0.013832391,64.88151926,11.63598754,0.536966948,1.77E-05,pubescent bamboo
0.007715655,85.6627265,12.60965927,0.504338015,1.78E-05,pubescent bamboo
0.007966244,93.93878497,12.52672276,0.47349073,1.83E-05,pubescent bamboo
0.009455619,68.61507666,12.12886716,0.473724913,1.59E-05,pubescent bamboo
0.016406539,43.53722149,11.24975808,0.611394509,1.75E-05,pubescent bamboo
0.011411487,65.89378659,11.82196846,0.567744305,1.74E-05,pubescent bamboo
0.012891702,67.30897459,11.70396707,0.553702909,1.82E-05,pubescent bamboo
0.008484421,89.76923053,12.42408082,0.457564618,1.75E-05,pubescent bamboo
0.010684005,75.33567192,12.06922794,0.497818776,1.79E-05,pubescent bamboo
0.013692799,42.60493189,11.4991751,0.594196862,1.62E-05,pubescent bamboo
0.011616021,83.5488963,11.92017553,0.478240455,1.70E-05,pubescent bamboo
0.013372387,60.79270551,11.81385546,0.541832227,1.74E-05,pubescent bamboo
0.0143104,68.39599187,11.58596197,0.505369839,1.74E-05,pubescent bamboo
0.010560572,94.90007012,12.21259764,0.485631436,1.75E-05,pubescent bamboo
0.012303007,46.79128463,11.62018876,0.574573547,1.61E-05,pubescent bamboo
0.008678185,83.1116064,12.27236563,0.42457107,1.52E-05,pubescent bamboo
0.008915648,63.31172944,12.38960104,0.554274487,1.86E-05,pubescent bamboo
0.013230552,64.64132843,11.75223683,0.56192606,1.89E-05,pubescent bamboo
0.009039343,55.27017025,12.20357269,0.535396925,1.85E-05,pubescent bamboo
0.012169294,46.44118554,11.71890491,0.566773343,1.88E-05,pubescent bamboo
0.016773159,24.83467598,10.98503956,0.768558214,1.53E-05,chinese horse chestnut
0.011558974,49.39747279,11.70414588,0.527489489,1.64E-05,chinese horse chestnut
0.015309693,32.93501075,11.07701663,0.625081094,1.52E-05,chinese horse chestnut
0.014137499,38.99330106,11.30948685,0.588660995,1.50E-05,chinese horse chestnut
0.012317424,37.83026297,11.46462776,0.607874934,1.61E-05,chinese horse chestnut
0.013680286,40.33107329,11.37828599,0.577937743,1.44E-05,chinese horse chestnut
0.006476201,48.7164703,12.65980118,0.504355621,1.48E-05,chinese horse chestnut
0.01170058,37.8681226,11.62997816,0.570146097,1.46E-05,chinese horse chestnut
0.013269052,37.32410966,11.35836576,0.578839593,1.40E-05,chinese horse chestnut
0.008974201,35.7001176,11.93842085,0.572425148,1.36E-05,chinese horse chestnut
0.011373997,33.67904707,11.71454237,0.596366952,1.67E-05,chinese horse chestnut
0.012033902,41.2901079,11.6070999,0.571678229,1.61E-05,chinese horse chestnut
0.010877252,40.40057541,11.63737604,0.548247527,1.42E-05,chinese horse chestnut
0.02000829,28.15389587,10.69837534,0.669271333,1.48E-05,chinese horse chestnut
0.017080733,27.18780952,10.86075885,0.642668025,1.41E-05,chinese horse chestnut
0.013061512,23.42821262,11.30521293,0.674012397,1.32E-05,chinese horse chestnut
0.009580053,48.00960419,11.99994308,0.537871237,1.54E-05,chinese horse chestnut
0.012942434,34.03295682,11.33557475,0.597379298,1.42E-05,chinese horse chestnut
0.01113702,43.14986865,11.69142547,0.546166369,1.55E-05,chinese horse chestnut
0.01202095,31.64545965,11.46903678,0.608607816,1.36E-05,chinese horse chestnut
0.010782408,34.82333333,11.70990167,0.578103351,1.45E-05,chinese horse chestnut
0.011920506,39.48307705,11.48781393,0.576903204,1.46E-05,chinese horse chestnut
0.012173421,41.47101632,11.44115316,0.573467972,1.53E-05,chinese horse chestnut
0.009838114,44.59122079,11.89776723,0.53920058,1.49E-05,chinese horse chestnut
0.009949392,54.94505537,12.05959969,0.504342515,1.55E-05,chinese horse chestnut
0.010593301,28.83572624,11.66561516,0.629639312,1.40E-05,chinese horse chestnut
0.020686325,22.73735705,10.55588503,0.691937088,1.36E-05,chinese horse chestnut
0.011477149,42.743236,11.62826944,0.557775682,1.46E-05,chinese horse chestnut
0.013509621,23.58107039,11.12994277,0.715516145,1.51E-05,chinese horse chestnut
0.011079713,26.30159502,11.59291825,0.676581014,1.48E-05,chinese horse chestnut
0.012732357,55.1584443,11.53097632,0.554326618,1.50E-05,chinese redbud
0.012184062,46.91357512,11.67491171,0.563066131,1.52E-05,chinese redbud
0.015313664,34.09255846,11.10067412,0.618532737,1.47E-05,chinese redbud
0.015840743,31.54251876,11.02080803,0.647587084,1.47E-05,chinese redbud
0.010093981,62.47625073,12.0167059,0.510718071,1.57E-05,chinese redbud
0.011989527,53.64749975,11.67109733,0.553268323,1.52E-05,chinese redbud
0.012707469,46.30292252,11.54396211,0.547998383,1.52E-05,chinese redbud
0.018850352,29.0630079,10.69177211,0.646126417,1.49E-05,chinese redbud
0.016647253,25.24426625,10.83836131,0.69363529,1.36E-05,chinese redbud
0.008714599,69.92684196,12.36090339,0.475964772,1.42E-05,chinese redbud
0.011822471,60.22884262,11.82137802,0.514356305,1.45E-05,chinese redbud
0.011543201,48.73790201,11.74525783,0.545313169,1.43E-05,chinese redbud
0.015259458,33.91975526,11.19933753,0.606409386,1.43E-05,chinese redbud
0.01297812,42.67998486,11.55718963,0.58188635,1.42E-05,chinese redbud
0.009799062,66.56997734,12.05389366,0.488641207,1.46E-05,chinese redbud
0.006325563,111.4940822,13.04368903,0.410357446,1.55E-05,chinese redbud
0.012810952,48.28562761,11.55181191,0.546840261,1.62E-05,chinese redbud
0.010812019,53.43878167,11.83717779,0.542608301,1.45E-05,chinese redbud
0.010524699,72.24074835,11.95720396,0.482855844,1.40E-05,chinese redbud
0.012948396,35.32331031,11.56946494,0.627896233,1.56E-05,chinese redbud
0.020570657,27.01132598,10.50537039,0.660324218,1.46E-05,chinese redbud
0.020503854,23.90643385,10.66332447,0.710163586,1.54E-05,chinese redbud
0.010669484,58.34492292,11.82791287,0.505767484,1.64E-05,chinese redbud
0.01419008,53.36513454,11.2909109,0.546245967,1.49E-05,chinese redbud
0.010733883,52.20347985,11.86582531,0.520756111,1.59E-05,chinese redbud
0.010539661,58.38502379,11.91518865,0.499920189,1.66E-05,chinese redbud
0.013427817,60.01581226,11.50249083,0.510383913,1.61E-05,chinese redbud
0.010520998,54.88790212,11.84513389,0.517348091,1.65E-05,chinese redbud
0.013365467,45.45779595,11.40490906,0.548359987,1.59E-05,chinese redbud
0.010622864,58.62297107,11.80683358,0.510950441,1.46E-05,chinese redbud
0.012445415,65.16715159,11.37947705,0.540358708,2.09E-05,true indigo
0.010782963,66.22952739,11.59798867,0.50636872,2.28E-05,true indigo
0.008797807,77.68752741,11.93891044,0.479069703,2.54E-05,true indigo
0.011566158,72.74015698,11.49114359,0.515346375,2.65E-05,true indigo
0.010253506,72.91815428,11.6314617,0.506932691,2.53E-05,true indigo
0.009267089,87.55520693,11.85636016,0.458153601,2.67E-05,true indigo
0.010607169,83.64959436,11.52038851,0.495094342,2.37E-05,true indigo
0.009283078,48.28310487,11.90365158,0.537375294,2.00E-05,true indigo
0.013268061,55.25527151,11.18077131,0.550654001,2.35E-05,true indigo
0.010904378,47.58982353,11.53229354,0.574291699,2.31E-05,true indigo
0.010587397,55.99937964,11.56518202,0.538946903,2.32E-05,true indigo
0.010416426,57.56856733,11.60666519,0.527791386,2.41E-05,true indigo
0.019604197,46.2737729,10.64179039,0.616285879,1.99E-05,true indigo
0.026200658,40.82179128,10.10175126,0.658411307,1.89E-05,true indigo
0.022517904,34.93774671,10.42286893,0.633509066,2.09E-05,true indigo
0.020798461,32.58514947,10.50675551,0.622305903,1.75E-05,true indigo
0.020614354,36.5446303,10.45686926,0.644543558,1.85E-05,true indigo
0.015804013,46.45090262,11.02178878,0.578418545,2.17E-05,true indigo
0.021543277,36.83695851,10.36111025,0.64882839,1.82E-05,true indigo
0.022676212,37.17223706,10.36688692,0.647467113,1.85E-05,true indigo
0.027745312,32.23400572,9.902499991,0.693220451,1.77E-05,true indigo
0.019659755,36.19715856,10.5274469,0.652674908,1.81E-05,true indigo
0.019636024,38.40975765,10.60103681,0.612253665,1.73E-05,true indigo
0.01986181,38.32507899,10.58916055,0.610983742,2.03E-05,true indigo
0.017992399,38.61508604,10.82608304,0.623848071,1.96E-05,true indigo
0.021306322,40.76472056,10.52579762,0.634397496,1.96E-05,true indigo
0.017033033,36.71640769,10.84284589,0.631653609,1.90E-05,true indigo
0.007399442,61.12759428,12.2264925,0.492530525,2.50E-05,true indigo
0.009833837,47.93005556,11.73684316,0.557284943,2.26E-05,true indigo
0.013118793,44.25720998,11.26564732,0.587936504,2.38E-05,true indigo
0.006640733,66.5582188,12.54709013,0.456508326,1.33E-05,japanese maple
0.008602632,54.83033385,12.05795369,0.50213788,1.24E-05,japanese maple
0.00660603,78.11683738,12.55062835,0.455827872,1.25E-05,japanese maple
0.007549245,79.74565048,12.61044504,0.467609825,1.44E-05,japanese maple
0.011209396,64.52661711,11.91501261,0.541292523,1.44E-05,japanese maple
0.011669349,50.76573195,11.58788506,0.552228913,1.40E-05,japanese maple
0.009340981,52.88739959,12.0741914,0.537805546,1.31E-05,japanese maple
0.012447954,58.80100622,11.60605222,0.554735617,1.48E-05,japanese maple
0.012971691,50.30356569,11.49759658,0.568824204,1.48E-05,japanese maple
0.008887169,61.29789131,12.18643701,0.512192566,1.40E-05,japanese maple
0.006982565,55.14493557,12.63529417,0.513956926,1.49E-05,japanese maple
0.006554124,63.36453707,12.73342034,0.505852848,1.47E-05,japanese maple
0.01587997,33.7123684,10.99644968,0.645315303,1.32E-05,japanese maple
0.01041896,40.92552578,11.90408061,0.586806101,1.47E-05,japanese maple
0.008358473,40.8564709,12.24650547,0.580797177,1.37E-05,japanese maple
0.010351959,36.12278605,11.84262575,0.600439457,1.38E-05,japanese maple
0.008806265,38.26584612,12.12665619,0.591518499,1.38E-05,japanese maple
0.029663791,25.85609979,10.02914013,0.825457431,1.34E-05,japanese maple
0.015124554,41.16564947,11.21329047,0.620106359,1.42E-05,japanese maple
0.0104981,40.31236496,11.90492615,0.585055677,1.42E-05,japanese maple
0.009515255,58.40430109,12.05587443,0.52563885,1.39E-05,japanese maple
0.011853196,51.47401608,11.75788897,0.566783309,1.39E-05,japanese maple
0.011810234,48.33897638,11.73039391,0.57508098,1.51E-05,japanese maple
0.011674158,42.24480857,11.48244331,0.591152048,1.20E-05,japanese maple
0.014315549,45.29578558,11.40613579,0.57634298,1.28E-05,japanese maple
0.014172042,53.83895818,11.24538045,0.580278096,1.29E-05,japanese maple
0.010560351,39.8084657,11.65721217,0.590955949,1.25E-05,japanese maple
0.016284811,36.33258206,10.85425121,0.638572886,1.19E-05,japanese maple
0.016801928,37.78419472,10.82810567,0.617236249,1.24E-05,japanese maple
0.015126473,42.59926444,11.19461464,0.623883699,1.33E-05,japanese maple
0.0155693,47.24558067,11.10732825,0.633515612,1.43E-05,nanmu
0.018036894,42.53156636,10.84515441,0.65276462,1.57E-05,nanmu
0.016236946,37.97423248,10.99273507,0.663129927,1.48E-05,nanmu
0.012174486,43.58083891,11.65146965,0.645797865,1.54E-05,nanmu
0.010340273,47.35040332,11.83248619,0.561551699,1.44E-05,nanmu
0.009341016,42.50117084,11.9433698,0.586418709,1.31E-05,nanmu
0.016792338,42.79053425,11.06760519,0.623617712,1.46E-05,nanmu
0.018686118,35.18625902,10.75172131,0.627647629,1.36E-05,nanmu
0.015776168,42.73240213,11.02415087,0.59195673,1.36E-05,nanmu
0.018997232,53.16703554,10.87425582,0.56062724,1.42E-05,nanmu
0.019127184,29.97957659,10.78131687,0.724530249,1.36E-05,nanmu
0.007262449,58.46145895,12.35446811,0.502521292,1.36E-05,nanmu
0.015894279,34.11596326,10.96255115,0.687597706,1.36E-05,nanmu
0.016047146,33.84390627,10.93155935,0.684755692,1.36E-05,nanmu
0.014898542,46.89126683,11.13663424,0.575607408,1.38E-05,nanmu
0.016813992,48.79953649,11.0680577,0.572324101,1.35E-05,nanmu
0.013411743,38.24281044,11.26236786,0.606432278,1.34E-05,nanmu
0.014839946,49.41941808,11.30452625,0.566460799,1.35E-05,nanmu
0.012429381,41.99085319,11.43252517,0.600291847,1.42E-05,nanmu
0.011832197,44.6218289,11.58346644,0.572633715,1.37E-05,nanmu
0.013427993,38.79479902,11.2441098,0.597878911,1.29E-05,nanmu
0.010176812,36.77701533,11.73988397,0.584969974,1.24E-05,nanmu
0.014472975,52.97059901,11.25867202,0.54889088,1.44E-05,nanmu
0.014631875,45.8282255,11.08873786,0.582103927,1.43E-05,nanmu
0.015248349,38.76561922,11.07093631,0.607464065,1.31E-05,nanmu
0.015103915,47.05283348,11.22653611,0.580217932,1.40E-05,nanmu
0.014594044,37.31107716,11.24500338,0.598455398,1.26E-05,nanmu
0.017149119,38.16300325,10.8679308,0.641710561,1.38E-05,nanmu
0.011905224,37.82123834,11.5509185,0.5995415,1.38E-05,nanmu
0.009447066,57.88046008,12.02074944,0.497777258,1.43E-05,nanmu
0.019764404,21.89497923,10.57961426,0.726332219,1.45E-05,castor aralia
0.015549339,34.55613622,11.12181191,0.60567362,1.29E-05,castor aralia
0.015934443,29.75611182,10.94356173,0.636138474,1.42E-05,castor aralia
0.015185469,23.35534561,11.04991758,0.690566495,1.19E-05,castor aralia
0.019041781,31.12951262,10.57802475,0.63839049,1.38E-05,castor aralia
0.015995818,28.11999085,11.00443759,0.661773257,1.31E-05,castor aralia
0.012230451,45.82690364,11.60918934,0.561568832,1.37E-05,castor aralia
0.016843642,28.48160616,10.7782718,0.665741165,1.42E-05,castor aralia
0.012913954,36.45970561,11.40427357,0.611271108,1.40E-05,castor aralia
0.014507256,29.74568345,11.11628571,0.648449111,1.40E-05,castor aralia
0.019220688,23.71270199,10.67951234,0.718299273,1.30E-05,castor aralia
0.023010325,27.86965957,10.37927338,0.686956746,1.43E-05,castor aralia
0.01362906,32.66063798,11.34053886,0.617516332,1.40E-05,castor aralia
0.015576782,33.26136478,11.07971803,0.620641235,1.39E-05,castor aralia
0.016573006,36.04614871,10.94535589,0.620000799,1.31E-05,castor aralia
0.021913698,30.0858072,10.36373979,0.65916511,1.17E-05,castor aralia
0.012029414,25.80095453,11.28884011,0.644810995,1.20E-05,castor aralia
0.018300267,21.52293576,10.5551245,0.723888968,1.30E-05,castor aralia
0.014935453,30.85716923,11.12373653,0.640429071,1.35E-05,castor aralia
0.017911196,27.37051125,10.79788717,0.668641863,1.31E-05,castor aralia
0.010335586,45.57275452,11.75796932,0.558132405,1.35E-05,castor aralia
0.011186624,43.74053442,11.7433366,0.557896357,1.25E-05,castor aralia
0.012506816,35.68791081,11.40456075,0.599322603,1.33E-05,castor aralia
0.012126463,36.90469992,11.43181002,0.59630881,1.34E-05,castor aralia
0.012211171,39.99671239,11.42144108,0.590758853,1.33E-05,castor aralia
0.01634889,28.4594434,10.89080637,0.651411388,1.27E-05,castor aralia
0.012863077,47.97027898,11.49498096,0.551279253,1.33E-05,castor aralia
0.015172262,31.98515376,11.06290681,0.62591453,1.34E-05,castor aralia
0.012648748,47.53443355,11.51920227,0.55597179,1.34E-05,castor aralia
0.016115583,31.05738064,10.9372915,0.644366422,1.20E-05,castor aralia
0.020499171,27.80056059,10.58638112,0.673960588,1.33E-05,goldenrain tree
0.012283879,38.65695038,11.44099632,0.578874168,1.27E-05,goldenrain tree
0.018845539,23.69173028,10.56598852,0.680084358,1.13E-05,goldenrain tree
0.015599266,22.95499633,10.89507985,0.67123032,1.20E-05,goldenrain tree
0.028918452,12.27621863,9.628006849,0.85756641,1.09E-05,goldenrain tree
0.017963564,17.69346914,10.60946798,0.747062559,1.13E-05,goldenrain tree
0.036972122,11.81277601,9.331597219,0.937723668,1.14E-05,goldenrain tree
0.033999308,14.7120512,9.518375026,0.879677584,1.16E-05,goldenrain tree
0.035039219,16.35317896,9.526253647,0.859875855,1.15E-05,goldenrain tree
0.027544446,16.49973104,9.858794284,0.828293162,1.14E-05,goldenrain tree
0.01932069,20.05402744,10.60795564,0.750529132,1.21E-05,goldenrain tree
0.018664128,21.36289786,10.63592813,0.703947662,1.24E-05,goldenrain tree
0.014998087,21.78641712,10.94702138,0.691288679,1.19E-05,goldenrain tree
0.011770751,38.48313936,11.32243999,0.592319821,1.14E-05,goldenrain tree
0.021041026,18.66641064,10.21552537,0.768668665,1.06E-05,goldenrain tree
0.011907164,37.02574612,11.45809353,0.568823625,1.19E-05,goldenrain tree
0.01781072,19.88394536,10.48429632,0.736893222,1.14E-05,goldenrain tree
0.021252928,22.98099593,10.40547138,0.753002003,1.16E-05,goldenrain tree
0.019341801,21.80395925,10.65949666,0.734809898,1.22E-05,goldenrain tree
0.018201723,26.51184251,10.70592657,0.730405126,1.17E-05,goldenrain tree
0.018022899,23.64921761,10.6149694,0.7472199,1.19E-05,goldenrain tree
0.021594041,20.01143742,10.35318112,0.804587543,1.17E-05,goldenrain tree
0.015512526,30.45517593,10.96740116,0.607066773,1.17E-05,goldenrain tree
0.019464212,18.35429209,10.37371573,0.739411283,1.09E-05,goldenrain tree
0.020873943,18.53291745,10.25627416,0.75976848,1.09E-05,goldenrain tree
0.014825638,35.45283922,11.10920377,0.596086072,1.26E-05,goldenrain tree
0.011616594,37.44838481,11.5107065,0.587515522,1.27E-05,goldenrain tree
0.011810494,26.50913506,11.15659607,0.710943404,1.10E-05,goldenrain tree
0.010186794,35.27704333,11.50641185,0.611704812,1.11E-05,goldenrain tree
0.011438165,36.81627759,11.37169335,0.581652634,1.11E-05,goldenrain tree
0.01026241,73.24177657,12.16500925,0.469363832,1.50E-05,chinese cinnamon
0.012359959,32.45774191,11.63059972,0.645919259,1.39E-05,chinese cinnamon
0.010999093,62.59260433,11.82229639,0.494683825,1.39E-05,chinese cinnamon
0.015798949,59.09678222,11.37110151,0.533738913,1.43E-05,chinese cinnamon
0.013015527,58.25366306,11.64133995,0.510471389,1.44E-05,chinese cinnamon
0.015066174,47.4150829,11.35806983,0.541061602,1.37E-05,chinese cinnamon
0.008942793,60.74393323,12.25964201,0.487048301,1.46E-05,chinese cinnamon
0.017245679,37.03215215,11.09871322,0.588345704,1.26E-05,chinese cinnamon
0.011619208,44.81685077,11.79854551,0.550149553,1.49E-05,chinese cinnamon
0.014264055,40.53208463,11.36751239,0.574211582,1.47E-05,chinese cinnamon
0.011562199,74.79455708,12.10209924,0.539305386,1.67E-05,chinese cinnamon
0.007782528,102.5365185,12.70576922,0.458778616,1.48E-05,chinese cinnamon
0.012867521,55.83941548,11.72123204,0.591405248,1.57E-05,chinese cinnamon
0.013632405,78.97190139,11.70517532,0.512528044,1.56E-05,chinese cinnamon
0.006593212,86.12715324,12.81481567,0.446267776,1.46E-05,chinese cinnamon
0.010018328,61.04900672,12.0176213,0.517864028,1.48E-05,chinese cinnamon
0.012172284,60.4889069,11.81972738,0.511686109,1.40E-05,chinese cinnamon
0.014375945,48.03099217,11.35131592,0.561215675,1.38E-05,chinese cinnamon
0.012441016,65.48567876,11.70414618,0.492018647,1.44E-05,chinese cinnamon
0.024450701,45.29925623,10.62271697,0.653248181,1.55E-05,chinese cinnamon
0.018753213,46.86115551,11.06285741,0.618665522,1.38E-05,chinese cinnamon
0.012460903,62.78167749,11.74913569,0.535059698,1.48E-05,chinese cinnamon
0.01278885,76.76637134,11.92668891,0.496794092,1.60E-05,chinese cinnamon
0.007788651,76.44373167,12.59188789,0.489280607,1.46E-05,chinese cinnamon
0.009418892,67.52253813,12.27177399,0.514573598,1.47E-05,chinese cinnamon
0.013538742,62.55332465,11.56723478,0.548744791,1.46E-05,chinese cinnamon
0.013793273,54.48525411,11.5893575,0.554841444,1.57E-05,chinese cinnamon
0.012144971,86.03882006,12.05510145,0.489050312,1.61E-05,chinese cinnamon
0.017369911,51.16312165,11.10964196,0.552173253,1.34E-05,chinese cinnamon
0.018621454,42.30828025,11.01162726,0.609819223,1.30E-05,chinese cinnamon
0.021840088,55.10352996,10.49051865,0.705781154,1.39E-05,anhui barberry
0.014958234,18.48111509,11.30181583,0.795672802,1.73E-05,anhui barberry
0.026285868,11.80680412,10.27926803,0.969564105,1.37E-05,anhui barberry
0.023637828,20.15223946,10.4493609,0.791923596,1.56E-05,anhui barberry
0.026396296,16.82018676,10.21581007,0.832298758,1.45E-05,anhui barberry
0.039348444,14.39280246,9.381130534,0.91940479,1.39E-05,anhui barberry
0.008825459,60.73853026,12.53006679,0.623378976,2.28E-05,anhui barberry
0.023934904,43.42624621,10.36228541,0.751565796,1.41E-05,anhui barberry
0.034571085,18.98871128,9.691499729,0.855063738,1.46E-05,anhui barberry
0.048405221,14.25452051,9.088642333,0.934394363,1.31E-05,anhui barberry
0.018314259,30.93295493,10.84950357,0.699382801,1.79E-05,anhui barberry
0.028770528,21.44328443,10.01194677,0.804180594,1.50E-05,anhui barberry
0.032407359,17.5673435,9.846778741,0.844227487,1.48E-05,anhui barberry
0.009512796,46.76968921,11.9548349,0.603017529,2.13E-05,anhui barberry
0.016315071,39.86452203,11.1872475,0.621028933,1.96E-05,anhui barberry
0.014531889,37.68161096,11.42801794,0.659926745,1.91E-05,anhui barberry
0.031754681,20.53279826,9.827213035,0.805082367,1.52E-05,anhui barberry
0.020607626,36.86361203,10.80285647,0.670540564,1.92E-05,anhui barberry
0.020157291,35.11115889,10.65948012,0.734864943,1.36E-05,anhui barberry
0.019013077,36.57572079,10.7974408,0.702785741,1.39E-05,anhui barberry
0.030780059,22.67970365,10.11208886,0.813339752,1.52E-05,anhui barberry
0.039161078,15.58531239,9.432992111,0.908997489,1.31E-05,anhui barberry
0.029429075,21.66162873,10.09747867,0.886687532,1.32E-05,anhui barberry
0.013993093,45.75146314,11.46374999,0.639861418,1.49E-05,anhui barberry
0.033803183,20.82332196,9.926604084,0.860366811,1.40E-05,anhui barberry
0.031254768,24.16904283,10.0686593,0.840253573,1.46E-05,anhui barberry
0.033802269,21.29918264,9.895550482,0.90325275,1.34E-05,anhui barberry
0.040256739,19.9851802,9.545509687,0.898854517,1.32E-05,anhui barberry
0.024551867,25.51341706,10.42983109,0.832265081,1.40E-05,anhui barberry
0.040903589,21.23299475,9.652795004,0.874800741,1.31E-05,anhui barberry
0.009749415,31.84983985,11.82073872,0.640313248,1.24E-05,big fruited holly
0.007175296,46.55364447,12.55996711,0.580661448,1.46E-05,big fruited holly
0.00683106,40.97529492,12.54852639,0.601174932,1.28E-05,big fruited holly
0.008208892,40.44286559,12.21966123,0.607070023,1.33E-05,big fruited holly
0.009578792,31.00683567,11.98979983,0.665265394,1.35E-05,big fruited holly
0.008589465,44.61772714,12.20530815,0.607903956,1.38E-05,big fruited holly
0.012229025,37.32815551,11.57778003,0.626976705,1.34E-05,big fruited holly
0.009477429,31.93372226,11.980952,0.672305246,1.39E-05,big fruited holly
0.010806113,27.08247171,11.7360883,0.700976718,1.34E-05,big fruited holly
0.015594795,17.47052411,10.97748868,0.771756936,1.22E-05,big fruited holly
0.008344775,40.1239349,12.27078656,0.641728072,1.32E-05,big fruited holly
0.010934071,27.72574682,11.63495606,0.691137356,1.19E-05,big fruited holly
0.012390173,20.58044945,11.34633687,0.796283055,1.23E-05,big fruited holly
0.01058229,25.96256574,11.67881691,0.741840143,1.24E-05,big fruited holly
0.01297947,30.48666919,11.37068307,0.717730382,1.30E-05,big fruited holly
0.010340706,20.27305923,11.77881324,0.875082257,1.59E-05,big fruited holly
0.007951777,24.83345479,12.3740202,0.809587564,1.69E-05,big fruited holly
0.014265033,18.41192815,11.1959513,0.934322166,1.43E-05,big fruited holly
0.015087442,16.89316093,11.17545921,0.916126327,1.45E-05,big fruited holly
0.017174448,16.86280396,11.09013367,0.936486409,1.56E-05,big fruited holly
0.016192643,16.39347224,11.0696008,0.945515359,1.45E-05,big fruited holly
0.014524436,20.11736589,11.2265854,0.901462748,1.51E-05,big fruited holly
0.00865766,29.00250973,12.30540816,0.789401157,1.69E-05,big fruited holly
0.014480907,17.54378396,11.36847677,0.952090394,1.56E-05,big fruited holly
0.010901801,22.54720127,11.93565331,0.857287546,1.76E-05,big fruited holly
0.014844426,19.57968987,11.44398587,0.888342722,1.72E-05,big fruited holly
0.015472059,23.22600009,11.40902894,0.906434017,1.54E-05,big fruited holly
0.011740728,32.2462203,11.56570722,0.650201217,1.35E-05,big fruited holly
0.009088033,44.50434144,12.1889161,0.615574033,1.39E-05,big fruited holly
0.009969737,21.33196432,11.99905941,0.834432248,1.54E-05,big fruited holly
0.001426299,285.7603036,15.4633638,0.275327376,1.74E-05,japanese cheesewood
0.001333656,252.1590577,15.42665073,0.270957619,1.58E-05,japanese cheesewood
0.001220949,249.9371412,15.54862904,0.288894952,1.64E-05,japanese cheesewood
0.001410911,337.3842119,15.66323204,0.262836118,1.92E-05,japanese cheesewood
0.001096194,347.9287132,15.9032812,0.264230312,1.75E-05,japanese cheesewood
0.001445995,259.4497268,15.36367141,0.285561052,1.83E-05,japanese cheesewood
0.001896917,179.5378381,14.8720599,0.319438061,1.75E-05,japanese cheesewood
0.001312525,258.8091462,15.48237234,0.274345147,1.59E-05,japanese cheesewood
0.001891281,192.308218,14.9279721,0.315160629,1.56E-05,japanese cheesewood
0.003178442,54.48919546,13.70913033,0.484359677,1.75E-05,japanese cheesewood
0.00184783,167.624366,15.01741601,0.356620576,1.59E-05,japanese cheesewood
0.002651181,155.2861127,14.36933918,0.346966462,1.59E-05,japanese cheesewood
0.004181374,78.13760273,13.4875877,0.462624389,1.48E-05,japanese cheesewood
0.002203857,137.4071574,14.59605251,0.348170477,1.59E-05,japanese cheesewood
0.002234756,174.2019287,14.72485831,0.337307524,1.58E-05,japanese cheesewood
0.001902394,167.7621358,14.85268834,0.338577646,1.64E-05,japanese cheesewood
0.001670457,299.3369594,15.50044725,0.292545344,1.82E-05,japanese cheesewood
0.001864256,185.6455938,14.93275582,0.335657739,1.73E-05,japanese cheesewood
0.001804723,146.752559,14.82971145,0.354746134,1.66E-05,japanese cheesewood
0.002394007,119.8375599,14.42388044,0.367946141,1.59E-05,japanese cheesewood
0.002548025,153.5494008,14.41035094,0.341666754,1.51E-05,japanese cheesewood
0.002348172,118.3728816,14.46809856,0.377847463,1.58E-05,japanese cheesewood
0.002416147,114.440058,14.45441313,0.377276397,1.67E-05,japanese cheesewood
0.002018071,181.3722661,14.85811022,0.329715631,1.62E-05,japanese cheesewood
0.002000576,157.7051952,14.75223057,0.327115677,1.59E-05,japanese cheesewood
0.002945203,120.7844836,14.29891843,0.39974328,1.97E-05,japanese cheesewood
0.002798653,116.5148587,14.2076237,0.381875983,1.60E-05,japanese cheesewood
0.002441389,178.3401548,14.69463566,0.332357905,1.70E-05,japanese cheesewood
0.001738253,199.5946699,15.09322044,0.319067284,1.56E-05,japanese cheesewood
0.00134838,196.9212138,15.40076627,0.309616223,1.69E-05,japanese cheesewood
0.015340549,43.11815945,11.0706762,0.620299991,1.25E-05,wintersweet
0.015290628,43.48152639,11.17810319,0.632171916,1.41E-05,wintersweet
0.01362549,39.15392108,11.31574971,0.64076988,1.37E-05,wintersweet
0.013831641,36.30033009,11.14836246,0.632432031,1.30E-05,wintersweet
0.017709956,25.21777606,10.70094826,0.731564872,1.27E-05,wintersweet
0.011767868,53.43731328,11.62357124,0.580280691,1.45E-05,wintersweet
0.016636383,41.51691426,11.06635739,0.636212819,1.44E-05,wintersweet
0.014121226,43.64267465,11.11918779,0.619661772,1.51E-05,wintersweet
0.013406151,43.40849927,11.31472507,0.599544617,1.30E-05,wintersweet
0.015609331,38.14029051,10.97767966,0.662548356,1.25E-05,wintersweet
0.015027587,42.2454832,11.15679352,0.639307472,1.33E-05,wintersweet
0.016037923,39.96040123,10.97828987,0.642649533,1.31E-05,wintersweet
0.018432344,38.72557006,10.75113956,0.667528288,1.28E-05,wintersweet
0.012540108,52.59740313,11.41989065,0.563689594,1.49E-05,wintersweet
0.018302909,35.8413558,10.79095068,0.672992039,1.49E-05,wintersweet
0.022414443,33.57348101,10.40501163,0.684111652,1.49E-05,wintersweet
0.023000581,18.52325518,10.25375093,0.792355491,1.29E-05,wintersweet
0.015967373,30.52733707,11.01027442,0.704863484,1.39E-05,wintersweet
0.01484067,46.96959745,11.12663647,0.635611647,1.49E-05,wintersweet
0.013610225,39.46154388,11.32772077,0.710402066,1.73E-05,wintersweet
0.016836194,37.66803842,11.03025694,0.704232778,1.61E-05,wintersweet
0.020488982,27.9936257,10.50516605,0.75989918,1.51E-05,wintersweet
0.015272744,44.91560597,11.0782535,0.672484334,1.64E-05,wintersweet
0.01223433,55.48107399,11.50302236,0.579869564,1.44E-05,wintersweet
0.012494641,49.28827285,11.5289437,0.630713599,1.59E-05,wintersweet
0.015607111,46.63382515,11.20358009,0.64943682,1.62E-05,wintersweet
0.020790815,23.58677999,10.34533628,0.752384204,1.46E-05,wintersweet
0.011314469,59.62507064,11.78896641,0.578276432,1.62E-05,wintersweet
0.015905464,35.63490596,10.95408292,0.737748449,1.67E-05,wintersweet
0.014129903,45.27519937,11.27906082,0.630516241,1.57E-05,wintersweet
0.002148851,144.6101092,14.63564161,0.340301231,1.84E-05,camphortree
2.106280086,38.46477064,4.132271674,1.547996028,9.14E-06,camphortree
1.862442646,41.27874198,4.790215192,1.475225656,9.36E-06,camphortree
0.001972718,181.2529305,14.91341926,0.325302064,2.32E-05,camphortree
1.891255346,35.51722269,4.664911115,1.491437498,9.37E-06,camphortree
0.00244811,141.296051,14.4336506,0.353371128,1.58E-05,camphortree
1.554157245,34.19358841,5.660403298,1.404833936,9.58E-06,camphortree
1.287301343,39.33780651,6.566014469,1.316067535,9.80E-06,camphortree
0.95919559,28.39563927,7.534646814,1.238546692,1.03E-05,camphortree
1.493672014,71.24514985,6.258708108,1.344478392,9.77E-06,camphortree
1.31206374,56.73131568,6.703512252,1.298181632,9.76E-06,camphortree
1.841495605,47.46965284,4.879771285,1.467681165,9.29E-06,camphortree
1.846555548,43.65176918,4.830610748,1.472641327,9.27E-06,camphortree
1.848714644,48.25003232,4.945908879,1.464724473,9.54E-06,camphortree
1.645305333,55.34632819,5.65311587,1.401460857,9.73E-06,camphortree
1.84424969,48.85343515,4.927977579,1.464126721,9.59E-06,camphortree
1.590532727,61.01186822,5.810374093,1.377891103,9.90E-06,camphortree
1.775084027,60.42711322,5.3007594,1.435857294,9.72E-06,camphortree
1.459282832,91.15211113,6.508538013,1.323069707,9.86E-06,camphortree
0.004962963,77.54847199,12.93713685,0.417184453,1.29E-05,camphortree
1.381707367,65.0975146,6.507057645,1.30753949,9.68E-06,camphortree
1.659215293,31.35116764,5.26433171,1.432100295,9.59E-06,camphortree
0.005631429,73.49705923,12.86188536,0.43678386,1.49E-05,camphortree
1.641833423,66.86970809,5.796732565,1.393342074,9.59E-06,camphortree
1.316019544,91.50816305,6.830476028,1.268688876,1.00E-05,camphortree
0.940129107,70.39401793,8.06181767,1.148257551,1.02E-05,camphortree
1.223210014,66.11996543,7.1364073,1.262188502,1.03E-05,camphortree
1.319615602,77.01500313,6.931434818,1.284048682,1.01E-05,camphortree
1.306070033,27.32172018,6.20218279,1.371889239,9.63E-06,camphortree
0.008074864,40.55466922,12.18991817,0.604061846,1.26E-05,camphortree
0.00149596,778.2231196,16.01927403,0.189280214,2.98E-05,japan arrowwood
0.002803551,460.6791446,14.95088881,0.253320909,3.57E-05,japan arrowwood
0.002397696,108.1632311,14.24522446,0.374886455,2.10E-05,japan arrowwood
0.00310288,270.563818,14.76390201,0.294436575,2.98E-05,japan arrowwood
0.00198337,162.1507114,14.85411245,0.344483552,1.92E-05,japan arrowwood
0.00188413,268.7234974,15.291752,0.292977438,2.18E-05,japan arrowwood
0.001860292,249.159623,15.21079097,0.306749888,2.07E-05,japan arrowwood
1.291908669,43.78945371,6.651819737,1.310649711,1.03E-05,japan arrowwood
0.001613377,303.1318388,15.51599787,0.275438911,2.34E-05,japan arrowwood
0.00171982,216.7250885,15.23904608,0.31503038,1.93E-05,japan arrowwood
0.001871565,177.7342763,14.9812685,0.336172729,2.19E-05,japan arrowwood
0.001581692,213.7724059,15.15690035,0.309618335,1.71E-05,japan arrowwood
0.002626006,124.318722,14.2614728,0.382931471,1.75E-05,japan arrowwood
1.061699099,99.3614877,7.764411329,1.20465117,1.16E-05,japan arrowwood
1.028863472,69.21221643,7.850148329,1.211193181,1.14E-05,japan arrowwood
1.033110855,114.0588637,8.154631454,1.172283774,1.16E-05,japan arrowwood
1.049453607,81.27743432,7.892216208,1.206488195,1.10E-05,japan arrowwood
1.536141192,79.41967661,6.151014775,1.364376022,1.05E-05,japan arrowwood
1.367951177,121.8794725,6.84460468,1.295219857,1.11E-05,japan arrowwood
1.056979987,196.8857131,8.302312433,1.163793553,1.14E-05,japan arrowwood
1.209090545,83.69896685,7.350857563,1.254487391,1.08E-05,japan arrowwood
0.002029655,205.1680769,14.92365892,0.336459934,2.28E-05,japan arrowwood
1.527732719,95.33347373,6.310919422,1.355748694,1.06E-05,japan arrowwood
1.52182365,85.76382402,6.12782861,1.36511985,1.06E-05,japan arrowwood
0.003033975,134.9004134,14.13101992,0.390459827,2.03E-05,japan arrowwood
0.002728521,284.9707952,14.89826079,0.282890343,2.97E-05,japan arrowwood
1.036613599,178.9852055,8.377425591,1.149948324,1.18E-05,japan arrowwood
1.201327341,124.4923801,7.351645332,1.23980597,1.16E-05,japan arrowwood
1.369502582,185.3481599,6.943195729,1.273762609,1.14E-05,japan arrowwood
1.085013714,111.2705682,7.84098905,1.203466416,1.16E-05,japan arrowwood
0.006427841,56.55236436,12.81691861,0.539880649,1.47E-05,sweet osmanthus
0.006399774,57.3955249,12.7228307,0.549821053,1.67E-05,sweet osmanthus
0.007000421,55.07009677,12.52064098,0.574203709,1.52E-05,sweet osmanthus
0.006396572,55.13025373,12.53339863,0.527945719,1.40E-05,sweet osmanthus
0.007906496,47.8927716,12.3122214,0.573783886,1.50E-05,sweet osmanthus
0.006687378,51.26479844,12.47735648,0.531300964,1.33E-05,sweet osmanthus
0.004877035,45.44021181,12.96986004,0.549429363,1.32E-05,sweet osmanthus
0.00597031,44.77520218,12.59634615,0.554250862,1.26E-05,sweet osmanthus
0.006885675,61.6876639,12.6178429,0.532187287,1.47E-05,sweet osmanthus
0.005914683,72.39818981,12.7969409,0.509583217,1.34E-05,sweet osmanthus
1.288251468,32.22333009,6.329604367,1.336224982,9.39E-06,sweet osmanthus
0.00960122,32.82645894,11.87161651,0.673999584,1.25E-05,sweet osmanthus
0.006816065,49.136465,12.49645193,0.569745586,1.30E-05,sweet osmanthus
0.010004162,37.1433573,11.90710464,0.637415153,1.42E-05,sweet osmanthus
0.008205701,42.39247077,12.32537662,0.614516958,1.36E-05,sweet osmanthus
0.006934065,50.46915674,12.45281963,0.586957667,1.39E-05,sweet osmanthus
0.007466042,40.22878784,12.31326994,0.613292843,1.34E-05,sweet osmanthus
1.166091856,39.2187156,6.912331946,1.282288218,1.01E-05,sweet osmanthus
1.021560237,37.28838616,7.344903572,1.255202144,1.03E-05,sweet osmanthus
0.006473159,55.25302083,12.64099539,0.552529713,1.37E-05,sweet osmanthus
0.007062847,44.53681712,12.38617759,0.569926594,1.40E-05,sweet osmanthus
0.935764375,66.79085279,8.084068682,1.161222858,1.03E-05,sweet osmanthus
1.020103122,30.87799416,7.139943686,1.26346184,1.02E-05,sweet osmanthus
0.004822338,75.07880337,13.17730864,0.480423194,1.30E-05,sweet osmanthus
1.038308533,50.05924103,7.540699239,1.234959382,1.02E-05,sweet osmanthus
1.176147782,40.45979775,6.819029983,1.284684601,9.68E-06,sweet osmanthus
1.187342745,27.0658236,6.540653694,1.325327934,9.56E-06,sweet osmanthus
0.005035101,58.23963604,12.95596223,0.533187674,1.45E-05,sweet osmanthus
1.16967341,34.99606339,6.782977616,1.298553568,9.81E-06,sweet osmanthus
1.263224529,44.37327565,6.685059263,1.307076171,9.86E-06,sweet osmanthus
0.01007042,132.5625544,13.67636847,0.446484782,1.20E-05,deodar
0.010808931,81.3296747,12.86625281,0.513011437,1.15E-05,deodar
0.009275878,96.5387372,13.18903415,0.480074324,1.28E-05,deodar
0.010116074,85.44067646,12.85230686,0.516632125,1.24E-05,deodar
0.007340908,72.67134997,13.30043938,0.512075068,1.32E-05,deodar
0.009872985,79.17944636,13.23619656,0.51658098,1.29E-05,deodar
0.00783393,77.0877604,13.19570527,0.481124286,1.17E-05,deodar
0.006216168,73.34591181,13.13348121,0.447685115,1.28E-05,deodar
0.00806118,64.14177414,12.99360561,0.478012701,1.24E-05,deodar
0.010271978,52.09049198,12.62320792,0.567276473,1.25E-05,deodar
0.00712351,81.33469157,13.22177699,0.458664943,1.17E-05,deodar
0.005826529,168.2514943,13.94924819,0.377880326,1.28E-05,deodar
0.009779004,50.6854941,12.54090469,0.559230994,1.20E-05,deodar
0.00882349,80.22404788,12.88190282,0.496762353,1.20E-05,deodar
0.007620129,79.77090382,12.97841888,0.462932108,1.17E-05,deodar
0.006378394,98.14990479,13.32932962,0.417390225,1.19E-05,deodar
0.009385057,97.34893042,13.15677006,0.464567387,1.17E-05,deodar
0.006282997,72.51272337,13.23620854,0.451263637,1.19E-05,deodar
0.006601916,104.7868103,13.4753094,0.422551209,1.20E-05,deodar
0.006440784,69.9146275,12.96055311,0.471021226,1.19E-05,deodar
0.00732143,86.58534095,12.93211216,0.457028071,1.14E-05,deodar
0.006540412,66.53100912,12.95092292,0.427339596,1.17E-05,deodar
0.006715412,83.41022562,13.07532006,0.422605063,1.20E-05,deodar
0.005126908,80.57281613,13.4602798,0.379037343,1.24E-05,deodar
0.00472488,109.22771,13.78544085,0.390186189,1.26E-05,deodar
0.005917889,93.95180557,13.32612683,0.402076837,1.28E-05,deodar
0.006595749,65.80711766,13.07140092,0.465823832,1.22E-05,deodar
0.005692817,98.29233321,13.5994755,0.401395443,1.22E-05,deodar
0.005439197,93.96332088,13.44618898,0.430977865,1.29E-05,deodar
0.005427737,65.87351488,13.46171324,0.444781564,1.25E-05,deodar
0.020784697,19.07153113,10.40919664,0.805030672,1.70E-05,gingko
0.031297667,12.23935673,9.517418053,0.928015768,1.40E-05,gingko
0.00904021,22.41819774,11.83392252,0.685999599,1.22E-05,gingko
0.019067871,14.14557949,10.43346445,0.85058785,1.36E-05,gingko
0.032530477,8.984618107,9.317945475,0.955722166,1.19E-05,gingko
0.034565932,11.33284754,9.341416802,0.898344177,1.27E-05,gingko
0.027457258,11.40205054,9.686179585,0.900393575,1.28E-05,gingko
0.033949692,11.60496172,9.333862226,0.904059721,1.30E-05,gingko
0.031367196,13.82383754,9.595375572,0.834629771,1.34E-05,gingko
0.034585169,13.12869851,9.459034203,0.869645886,1.38E-05,gingko
0.021075022,19.3616262,10.18783434,0.737986898,1.29E-05,gingko
0.021027615,23.43462686,10.32077553,0.710106511,1.53E-05,gingko
0.01952288,20.71619375,10.45680817,0.736794941,1.43E-05,gingko
0.026640011,21.64583095,9.886240191,0.715457127,1.38E-05,gingko
0.018120823,21.38118711,10.54990142,0.71541354,1.38E-05,gingko
0.019477121,15.65845769,10.28318345,0.786475891,1.27E-05,gingko
0.023006936,17.87267639,10.09725446,0.759804166,1.31E-05,gingko
0.022077962,20.29219307,10.21365343,0.736328614,1.26E-05,gingko
0.024993774,22.99245998,9.980608114,0.710592615,1.42E-05,gingko
0.025790283,19.46754044,9.835615914,0.745561058,1.34E-05,gingko
0.029929984,14.27738627,9.534670007,0.800349137,1.25E-05,gingko
0.024005241,12.20718519,10.04354828,0.930783725,1.37E-05,gingko
0.022648816,15.21935394,10.18045404,0.854762242,1.44E-05,gingko
0.019062264,14.90567388,10.4621332,0.874512391,1.47E-05,gingko
0.029366551,16.01582105,9.819334384,0.891068342,1.61E-05,gingko
0.014276773,18.67217597,11.01889565,0.770569048,1.35E-05,gingko
0.017765265,15.86619061,10.58143605,0.829904144,1.40E-05,gingko
0.037798414,12.7079075,9.304196942,0.977730501,1.51E-05,gingko
0.025092215,12.1816218,10.01806733,0.908135913,1.42E-05,gingko
0.023124914,12.93213199,10.12196593,0.919202893,1.42E-05,gingko
0.059880908,4.112437542,8.453334177,1.22494589,1.23E-05,crepe myrtle
0.045663368,4.395467459,8.803084533,1.205467637,1.12E-05,crepe myrtle
0.026121435,5.472538022,9.728004832,1.115959882,1.13E-05,crepe myrtle
0.051722324,2.755698592,8.315029181,1.311031408,1.07E-05,crepe myrtle
0.046178427,5.363348026,8.737913836,1.138271786,1.14E-05,crepe myrtle
0.070832537,3.056848307,8.028822716,1.306217741,1.12E-05,crepe myrtle
0.064493145,3.181616815,8.142488504,1.29181232,1.14E-05,crepe myrtle
0.057703123,3.439155525,8.377592603,1.266431359,1.14E-05,crepe myrtle
0.072375213,2.810095841,7.893084876,1.314585968,1.12E-05,crepe myrtle
0.03907966,3.951513402,9.019273994,1.221886094,1.10E-05,crepe myrtle
0.06208135,3.567212644,8.304351264,1.245806347,1.14E-05,crepe myrtle
0.086800707,2.647153732,7.534745149,1.335644016,1.09E-05,crepe myrtle
0.044015423,3.506279454,8.751502852,1.256566218,1.09E-05,crepe myrtle
0.053589457,3.930078427,8.538316071,1.219195033,1.15E-05,crepe myrtle
0.048185304,4.064038122,8.709446296,1.211536097,1.11E-05,crepe myrtle
0.039164972,4.311589343,8.907570543,1.182862851,1.06E-05,crepe myrtle
0.062983467,3.231593278,8.216662143,1.31159068,1.12E-05,crepe myrtle
0.031228548,3.389486232,9.266769119,1.303349619,1.09E-05,crepe myrtle
0.050340633,3.059797945,8.561438837,1.280407947,1.10E-05,crepe myrtle
0.059046079,3.763264496,8.370062247,1.259507424,1.18E-05,crepe myrtle
0.041832646,4.349892933,8.800291787,1.176077331,1.08E-05,crepe myrtle
0.043130284,5.397713576,9.012615293,1.13859286,1.24E-05,crepe myrtle
0.049453286,3.311876564,8.518127167,1.281337055,1.10E-05,crepe myrtle
0.015329918,16.01033802,10.89870361,0.779537447,1.32E-05,crepe myrtle
0.05869955,3.885924915,8.384807894,1.234942807,1.12E-05,crepe myrtle
0.073504469,2.948240089,7.858018407,1.312349247,1.15E-05,crepe myrtle
0.056779304,3.712043176,8.378570145,1.275088117,1.13E-05,crepe myrtle
0.726451385,2.166726439,5.986912745,1.548720507,9.81E-06,crepe myrtle
0.058518214,4.002587244,8.448071103,1.255372328,1.21E-05,crepe myrtle
0.036103107,4.566992638,9.326102394,1.181256908,1.22E-05,crepe myrtle
0.007455535,52.36244655,12.47417434,0.512971884,1.48E-05,oleander
0.016075959,42.64430714,11.23270013,0.580306135,1.39E-05,oleander
0.010397718,46.27732592,12.04872592,0.550916602,1.49E-05,oleander
0.009570518,79.29894305,12.25081002,0.451106611,1.52E-05,oleander
0.006997881,79.01873057,12.61817714,0.419554465,1.45E-05,oleander
0.01311187,50.84824565,11.68173529,0.529637391,1.84E-05,oleander
0.007774787,57.70107931,12.37836007,0.477335786,1.59E-05,oleander
0.006031069,72.11313492,12.85235303,0.43584684,1.55E-05,oleander
0.009279107,60.09118709,12.14790018,0.494989724,1.53E-05,oleander
0.007804479,71.83439147,12.51332181,0.45905807,1.60E-05,oleander
0.008290903,47.93887431,12.20849661,0.526220564,1.37E-05,oleander
0.01148474,50.06655762,11.76498428,0.541675198,1.41E-05,oleander
0.012108806,42.85222232,11.53892376,0.558428557,1.27E-05,oleander
0.007806071,68.82387825,12.49827529,0.481931671,1.63E-05,oleander
0.009060236,71.71916091,12.26476785,0.477748351,1.56E-05,oleander
0.009694014,68.12287016,12.14346523,0.450949261,1.61E-05,oleander
0.006222892,77.17777601,12.91136425,0.435460234,1.62E-05,oleander
0.004363672,95.78161069,13.52912974,0.376432618,1.72E-05,oleander
0.006001496,77.92174172,12.87852845,0.416661823,1.61E-05,oleander
0.008546021,63.98609598,12.35938019,0.466987783,1.52E-05,oleander
0.010061161,80.7482704,12.17301046,0.465272704,1.69E-05,oleander
0.010293376,72.99260466,12.12478557,0.454149989,1.61E-05,oleander
0.012894002,44.60717469,11.68562224,0.583991754,1.50E-05,oleander
0.009989309,78.2385267,12.14099167,0.443154599,1.61E-05,oleander
0.007469926,80.25724379,12.61213261,0.468167266,1.62E-05,oleander
0.008467641,75.43827426,12.23924174,0.438128359,1.39E-05,oleander
0.010670896,53.29203127,11.98083296,0.543790243,1.46E-05,oleander
0.010928573,59.18937231,11.88516753,0.491546191,1.48E-05,oleander
0.013073433,43.57554512,11.49180695,0.564616252,1.55E-05,oleander
0.007892223,58.89983404,12.40773388,0.50478888,1.41E-05,oleander
0.013553099,44.50424641,11.37896906,0.622152892,1.53E-05,yew plum pine
0.010578619,46.15452134,11.82674213,0.614275318,1.57E-05,yew plum pine
0.005948485,65.56148387,12.71467694,0.521620103,1.46E-05,yew plum pine
0.006109549,69.11900603,12.83087776,0.530207763,1.65E-05,yew plum pine
0.005483454,57.25541644,12.7893387,0.517111168,1.37E-05,yew plum pine
0.00779996,62.75132937,12.42386995,0.548431482,1.84E-05,yew plum pine
0.007272927,55.9906591,12.43259018,0.539252304,1.48E-05,yew plum pine
0.006791564,58.76263387,12.5899225,0.524596236,1.42E-05,yew plum pine
0.006641275,64.32238121,12.75671872,0.526836958,1.77E-05,yew plum pine
0.007034184,61.17583619,12.53279113,0.533258029,1.76E-05,yew plum pine
0.005295684,73.71397108,13.01757279,0.494644661,1.75E-05,yew plum pine
0.005108149,70.79878716,13.08560706,0.502894378,1.86E-05,yew plum pine
0.005799357,64.5246444,12.71942118,0.525950577,1.42E-05,yew plum pine
0.00986342,72.63699991,12.11024258,0.505976353,1.37E-05,yew plum pine
0.006790144,57.34982309,12.50258587,0.559822854,1.47E-05,yew plum pine
0.00534492,78.20355164,12.95498631,0.482248828,1.57E-05,yew plum pine
0.007072088,78.90156912,12.60684568,0.489405952,1.44E-05,yew plum pine
0.004338755,75.70193678,13.32493367,0.494197972,1.49E-05,yew plum pine
0.0064664,66.70796598,12.68345631,0.517442873,1.57E-05,yew plum pine
0.006630798,52.83123885,12.52258697,0.569941877,1.47E-05,yew plum pine
0.007191913,56.22967671,12.39827107,0.538580183,1.51E-05,yew plum pine
0.007455546,58.54000725,12.38087878,0.534867086,1.54E-05,yew plum pine
0.007480659,60.57247862,12.40192193,0.52985558,1.54E-05,yew plum pine
0.007127616,62.32831891,12.54950806,0.551865691,1.72E-05,yew plum pine
0.009262752,38.34336627,11.94492719,0.644887014,1.60E-05,yew plum pine
0.009196117,43.39212237,11.89124731,0.612932173,1.50E-05,yew plum pine
0.008968276,49.24407688,12.13376696,0.591016241,1.37E-05,yew plum pine
0.01032397,44.91720899,11.87873043,0.608844594,1.40E-05,yew plum pine
0.008448507,46.95557528,12.15102642,0.58101159,1.37E-05,yew plum pine
0.012872074,41.06049148,11.45262261,0.736024339,1.49E-05,yew plum pine
0.018567348,45.15358868,10.90575147,0.620154809,1.49E-05,japanese flowering cherry
0.013569432,49.18553186,11.46281652,0.5862819,1.42E-05,japanese flowering cherry
0.010476103,78.46470649,11.94978359,0.496774603,1.36E-05,japanese flowering cherry
0.017334381,58.18415459,11.08601591,0.595854289,1.53E-05,japanese flowering cherry
0.011186677,60.56943048,11.91601683,0.558795955,1.41E-05,japanese flowering cherry
0.013932474,45.55675224,11.29951135,0.589395975,1.28E-05,japanese flowering cherry
0.017459792,35.79483829,10.81417548,0.661826365,1.29E-05,japanese flowering cherry
0.019074862,44.74933909,10.73865272,0.624785634,1.39E-05,japanese flowering cherry
0.01800062,56.89619842,10.92560724,0.574223471,1.44E-05,japanese flowering cherry
0.020096504,51.92335101,10.74841346,0.610125228,1.38E-05,japanese flowering cherry
0.02174367,43.6447046,10.61138574,0.648274215,1.44E-05,japanese flowering cherry
0.020647144,50.91709027,10.67081597,0.604991651,1.53E-05,japanese flowering cherry
0.02168712,45.70619703,10.57441397,0.619227054,1.39E-05,japanese flowering cherry
0.012272732,49.38874501,11.71310641,0.578881011,1.32E-05,japanese flowering cherry
0.010225186,69.39409276,11.8943674,0.540012408,1.43E-05,japanese flowering cherry
0.01315942,67.80102021,11.46950121,0.537596081,1.39E-05,japanese flowering cherry
0.017257454,40.9922888,10.84975376,0.641134544,1.31E-05,japanese flowering cherry
0.017268983,62.80720222,11.07695577,0.558838569,1.34E-05,japanese flowering cherry
0.014703961,56.62194173,11.21106777,0.543777486,1.34E-05,japanese flowering cherry
0.013912227,74.58834901,11.65066209,0.520867337,1.51E-05,japanese flowering cherry
0.014108066,60.61603726,11.30954865,0.537348043,1.35E-05,japanese flowering cherry
0.01286909,76.58411392,11.52882537,0.492471225,1.40E-05,japanese flowering cherry
0.012825712,49.67991276,11.37048096,0.542841173,1.31E-05,japanese flowering cherry
0.015601515,51.97599311,11.10455814,0.601869476,1.47E-05,japanese flowering cherry
0.013341316,67.40046481,11.23095438,0.865406418,1.82E-05,japanese flowering cherry
0.01610904,57.2131381,10.7899605,0.967741468,1.85E-05,japanese flowering cherry
0.011956928,46.31171518,11.56055618,0.758092846,1.96E-05,japanese flowering cherry
0.015237934,74.8653229,11.10716517,0.90253199,2.09E-05,japanese flowering cherry
0.017885106,48.3731478,10.83397487,0.992984684,1.91E-05,japanese flowering cherry
0.018261786,61.92784364,10.54785117,0.928815562,1.70E-05,japanese flowering cherry
0.103375792,3.55886448,7.337897849,1.401573857,1.31E-05,glossy privet
0.11787596,3.576053647,7.180268022,1.424727973,1.28E-05,glossy privet
0.069482255,3.613815561,8.098262219,1.326908221,1.14E-05,glossy privet
0.094667205,2.925606056,7.406592787,1.447960477,1.25E-05,glossy privet
0.071562087,5.212910182,8.216362994,1.284868415,1.46E-05,glossy privet
0.059908674,5.379748308,8.564335325,1.298060106,1.49E-05,glossy privet
0.074554431,5.17429082,8.093280025,1.29936685,1.40E-05,glossy privet
0.067419628,5.247898977,8.359812926,1.308475523,1.41E-05,glossy privet
0.061352776,5.805078048,8.439690883,1.269795667,1.49E-05,glossy privet
0.109985941,5.264397835,7.452134521,1.31897458,1.45E-05,glossy privet
0.055314955,4.672285972,8.426917493,1.228494162,1.16E-05,glossy privet
0.052687344,4.595818337,8.549083521,1.254714686,1.22E-05,glossy privet
0.044200141,5.505157869,8.824629047,1.190183153,1.20E-05,glossy privet
0.046490818,7.627527405,9.002527869,1.116289215,1.45E-05,glossy privet
0.080003033,3.849660992,7.806750018,1.289504102,1.18E-05,glossy privet
0.060972401,4.318122035,8.299348183,1.243859413,1.16E-05,glossy privet
0.066718802,4.872046765,8.14098532,1.236760499,1.16E-05,glossy privet
0.057802368,3.287602101,8.263235013,1.291340144,1.06E-05,glossy privet
0.059671074,3.801893087,8.211651936,1.24753827,1.08E-05,glossy privet
0.075621195,3.748715196,7.891083378,1.316521632,1.12E-05,glossy privet
0.070250204,3.759354708,7.995369267,1.282567255,1.09E-05,glossy privet
0.088773303,3.014218907,7.470033965,1.369255406,1.01E-05,glossy privet
0.05678217,5.886295083,8.497035621,1.190201433,1.25E-05,glossy privet
0.053345429,4.072347192,8.512048514,1.241189942,1.06E-05,glossy privet
0.099421758,2.387860323,7.264691798,1.409211308,1.00E-05,glossy privet
0.058215385,5.261617961,8.347641575,1.195779711,1.16E-05,glossy privet
0.077301662,5.601331066,7.960384746,1.232899725,1.35E-05,glossy privet
0.099773042,3.272003069,7.342942779,1.350718559,1.09E-05,glossy privet
0.078172808,4.174824366,8.010189154,1.306289486,1.29E-05,glossy privet
0.08008227,3.942641303,7.85774086,1.313682915,1.19E-05,glossy privet
0.018012384,28.18362829,10.83408313,0.679249256,1.36E-05,chinese toon
0.011947801,36.16460971,11.65170726,0.596288504,1.51E-05,chinese toon
0.026694064,26.2628131,10.27448248,0.707636156,1.67E-05,chinese toon
0.020965925,17.46558821,10.56115275,0.799810778,1.46E-05,chinese toon
0.024955234,18.08497755,10.20192585,0.787976984,1.49E-05,chinese toon
0.02582545,20.9208545,10.14769364,0.757684623,1.43E-05,chinese toon
0.022611861,15.60609507,10.29587931,0.830649163,1.44E-05,chinese toon
0.025145233,19.33205791,10.19138254,0.79071253,1.52E-05,chinese toon
0.022785,16.93209944,10.20231852,0.793635629,1.30E-05,chinese toon
0.020236422,35.07950634,10.82556287,0.659325247,1.57E-05,chinese toon
0.013874349,30.37803829,11.33439967,0.727653003,1.48E-05,chinese toon
0.015271521,33.22368215,11.10040021,0.669647554,1.49E-05,chinese toon
0.013230651,28.96765082,11.22057954,0.690961271,1.35E-05,chinese toon
0.013510301,39.32531478,11.35436565,0.635369975,1.32E-05,chinese toon
0.010895396,58.19527959,11.79838779,0.511809673,1.47E-05,chinese toon
0.012812835,46.62284636,11.437021,0.534602079,1.46E-05,chinese toon
0.020806239,32.78577656,10.71103464,0.69560267,1.48E-05,chinese toon
0.011787743,47.38953353,11.74294708,0.603672261,1.55E-05,chinese toon
0.010753365,64.65091256,11.82788001,0.490555057,1.48E-05,chinese toon
0.010729173,53.33231395,11.81761606,0.529911148,1.43E-05,chinese toon
0.009801415,56.12743458,11.86322811,0.519173099,1.38E-05,chinese toon
0.009651348,71.74984312,12.08378841,0.465965037,1.38E-05,chinese toon
0.02844142,17.92933343,10.04401122,0.904629391,1.37E-05,chinese toon
0.014703473,24.14144459,11.19357391,0.748274126,1.44E-05,chinese toon
0.015377714,25.19040975,11.15417835,0.72364291,1.43E-05,chinese toon
0.019174054,25.35350328,10.71492821,0.767216792,1.47E-05,chinese toon
0.028613605,17.51690945,10.00337987,0.901308368,1.40E-05,chinese toon
0.022359914,22.69893246,10.50071495,0.829853079,1.49E-05,chinese toon
0.017387429,27.39216016,11.00412781,0.780344429,1.64E-05,chinese toon
0.018873986,24.33226772,10.82283928,0.813541448,1.45E-05,chinese toon
0.007086693,52.52073526,12.29709447,0.541094364,1.36E-05,peach
0.006603939,75.78142324,12.49272948,0.457928282,1.37E-05,peach
0.00693388,58.48684092,12.35878174,0.504710806,1.27E-05,peach
0.008042837,56.53927585,12.19629899,0.513545213,1.23E-05,peach
0.005125481,81.25391742,13.00655887,0.445959185,1.23E-05,peach
0.005932974,76.29377207,12.65396253,0.437652465,1.24E-05,peach
0.006262071,66.26242847,12.71983011,0.4983225,1.31E-05,peach
0.006064946,90.60130349,12.75864978,0.41097996,1.38E-05,peach
0.004842043,74.49211953,13.04260791,0.449066435,1.18E-05,peach
0.005884321,106.7777901,12.86037549,0.401258835,1.32E-05,peach
0.006068611,86.1910592,12.73918863,0.440996532,1.39E-05,peach
0.004348157,109.5009888,13.32952983,0.385125921,1.26E-05,peach
0.005821958,73.84368508,12.68817294,0.447152727,1.23E-05,peach
0.00812014,60.41239537,12.26419151,0.521853066,1.31E-05,peach
0.006282455,72.31399868,12.62023905,0.451218815,1.37E-05,peach
0.005990475,73.92119315,12.80892253,0.453520775,1.36E-05,peach
0.006514338,57.69700193,12.5590844,0.504368239,1.29E-05,peach
0.007954413,53.93478643,12.22483467,0.522178407,1.27E-05,peach
0.006500042,66.17207106,12.53561299,0.462101666,1.23E-05,peach
0.018599617,23.3165715,10.57645132,0.898216248,1.31E-05,peach
0.017096283,37.78094974,10.95015884,0.775856791,1.58E-05,peach
0.018319492,28.54325071,10.71365188,0.842211292,1.43E-05,peach
0.019524864,31.34400189,10.62712043,0.845862922,1.59E-05,peach
0.016315548,24.02974759,10.83902188,0.838181229,1.58E-05,peach
0.016077807,31.79050805,11.08044822,0.874712408,1.53E-05,peach
0.003809327,86.22241248,13.64521835,0.446878914,1.36E-05,peach
0.00257827,169.1254407,14.52981472,0.358214605,1.63E-05,peach
0.001967413,190.582613,14.86180107,0.307991242,1.45E-05,peach
0.003506318,127.3899071,14.04632819,0.412581029,1.56E-05,peach
0.003059864,121.1026962,14.13149361,0.396963653,1.51E-05,peach
0.008297881,43.77419355,12.50714731,0.601364462,1.91E-05,ford woodlotus
0.004223876,56.74616808,13.4159508,0.533096482,2.13E-05,ford woodlotus
0.004305282,59.12461108,13.34483024,0.475702467,1.62E-05,ford woodlotus
0.004433644,56.95512013,13.38603168,0.498097577,1.83E-05,ford woodlotus
0.003297909,59.2313032,13.77673732,0.482120226,1.62E-05,ford woodlotus
0.003027593,67.02005654,13.90600969,0.444282036,1.92E-05,ford woodlotus
0.00290043,89.7847604,14.09115873,0.394171453,1.56E-05,ford woodlotus
0.004607334,55.47104337,13.30261718,0.476362536,1.87E-05,ford woodlotus
0.002257702,82.42832653,14.37617273,0.424861958,2.01E-05,ford woodlotus
0.006485393,38.90284305,12.62959915,0.591673667,2.06E-05,ford woodlotus
0.003729597,56.08340096,13.63746697,0.498119235,1.67E-05,ford woodlotus
0.003727617,82.76914852,13.7618006,0.450291735,1.56E-05,ford woodlotus
0.003280689,105.973574,13.93553441,0.40660602,1.78E-05,ford woodlotus
0.002977282,58.40293895,13.93698409,0.497651164,1.61E-05,ford woodlotus
0.00147748,186.0010686,15.28839972,0.321561308,1.42E-05,ford woodlotus
0.00184377,119.9917094,14.87039679,0.378176103,1.49E-05,ford woodlotus
0.00156206,138.3071948,15.12095226,0.351406208,1.57E-05,ford woodlotus
0.003178648,94.18369133,14.0646872,0.404433519,1.41E-05,ford woodlotus
0.001441124,231.255551,15.51946731,0.318396466,1.72E-05,ford woodlotus
0.002890859,79.84689043,14.02355075,0.435298218,1.49E-05,ford woodlotus
0.001762417,139.6324383,14.87010339,0.361497716,1.44E-05,ford woodlotus
0.002621497,54.90084418,14.11490442,0.496545969,1.46E-05,ford woodlotus
0.010543534,26.95058445,11.93842655,0.723501213,1.77E-05,ford woodlotus
0.007226223,18.91225396,12.41555057,0.769738264,1.78E-05,ford woodlotus
0.008741824,17.72886272,12.15165721,0.816328961,1.82E-05,ford woodlotus
0.00656369,30.32681954,12.61958705,0.72123874,2.17E-05,ford woodlotus
0.007646167,28.5309476,12.30691901,0.71943714,1.93E-05,ford woodlotus
0.007849142,26.33284703,12.33863443,0.737128283,1.84E-05,ford woodlotus
0.009065459,26.97488972,12.10826459,0.714799934,1.73E-05,ford woodlotus
0.010775848,19.86966118,11.81805036,0.837653579,1.94E-05,ford woodlotus
0.007702016,65.23152772,12.37709573,0.493500415,1.82E-05,trident maple
0.005622855,55.01892005,12.7903081,0.509224557,1.83E-05,trident maple
0.009779501,41.58693369,11.83993727,0.56333722,1.38E-05,trident maple
0.007628737,54.31401297,12.34259265,0.536305708,1.77E-05,trident maple
0.009623578,37.81964644,11.93325201,0.595464402,1.54E-05,trident maple
0.006981956,56.99450362,12.52173069,0.509858136,1.55E-05,trident maple
0.008778775,50.53375351,12.15370384,0.541051419,1.68E-05,trident maple
0.009458659,51.11411318,11.973288,0.557223355,1.62E-05,trident maple
0.0101898,33.26114276,11.73647164,0.619460323,1.57E-05,trident maple
0.007891915,39.99154419,12.28834131,0.604866787,1.69E-05,trident maple
0.009800803,52.89590453,11.84125228,0.556473651,1.65E-05,trident maple
0.009291982,52.90876469,11.88821698,0.53988134,1.60E-05,trident maple
0.008331647,47.19235871,12.05105966,0.543442908,1.53E-05,trident maple
0.007108057,56.14235622,12.42619131,0.521851103,1.55E-05,trident maple
0.008953086,57.37006757,12.09340614,0.527753142,1.62E-05,trident maple
0.008480192,50.57537263,12.150498,0.552821911,1.59E-05,trident maple
0.007298296,55.49859804,12.51226798,0.55645962,1.56E-05,trident maple
0.00664861,62.10566544,12.59398095,0.504869109,1.45E-05,trident maple
0.006408924,73.92065981,12.8095529,0.53826518,1.80E-05,trident maple
0.006438089,80.70804899,12.71449491,0.50274999,1.71E-05,trident maple
0.00843721,46.36890036,12.21470015,0.600969093,1.57E-05,trident maple
0.014526863,25.81720307,11.18282119,0.756449227,1.23E-05,trident maple
0.018156009,30.21226707,10.83102569,0.764157925,1.46E-05,trident maple
0.036716801,11.65490181,9.664382595,1.048574693,1.29E-05,trident maple
0.025560452,20.85191274,10.19469014,0.825780239,1.45E-05,trident maple
0.021730528,19.85590058,10.53368609,0.835011887,1.44E-05,trident maple
0.020550485,17.01784066,10.52246037,0.879096959,1.28E-05,trident maple
0.015021483,26.14979513,11.23066014,0.817960054,1.47E-05,trident maple
0.025217183,14.57757342,10.38173063,0.990600982,1.64E-05,trident maple
0.026351238,15.90109634,10.22589032,0.972108719,1.47E-05,trident maple
0.005252954,44.73835054,12.83559171,0.560369532,1.56E-05,beals barberry
0.00571659,45.9848238,12.70258202,0.558003289,1.43E-05,beals barberry
0.005147874,46.60413282,12.96359663,0.543018559,1.68E-05,beals barberry
0.007815283,27.88722089,12.24819118,0.689845675,1.56E-05,beals barberry
0.006648004,37.17827428,12.62119674,0.623339605,1.39E-05,beals barberry
0.006001796,28.05887207,12.47291329,0.64993483,1.30E-05,beals barberry
0.004322764,45.69033831,13.20042716,0.570786135,1.58E-05,beals barberry
0.005372792,30.86609665,12.77642195,0.660304126,1.45E-05,beals barberry
0.004533352,35.73619345,13.06309573,0.613828331,1.64E-05,beals barberry
0.006197665,48.88603648,12.70887822,0.547543795,1.61E-05,beals barberry
0.005606483,35.56717853,12.63707381,0.601593441,1.31E-05,beals barberry
0.00495208,56.66827819,13.04532931,0.506199711,1.64E-05,beals barberry
0.003383754,69.22706805,13.67565183,0.465031235,1.91E-05,beals barberry
0.005677243,42.23255429,12.72451014,0.57182813,1.52E-05,beals barberry
0.002758427,97.28754102,14.09382199,0.413476379,1.77E-05,beals barberry
0.005410186,57.39859812,12.90436846,0.507005414,1.53E-05,beals barberry
0.007166042,28.7079678,12.23679964,0.665985184,1.46E-05,beals barberry
0.005333646,41.97725618,12.8590371,0.597231967,1.47E-05,beals barberry
0.007886434,31.31732752,12.1532856,0.676314273,1.49E-05,beals barberry
0.00488213,42.20122871,13.03810779,0.603124272,1.54E-05,beals barberry
0.005683308,45.91998164,12.83334311,0.611935205,1.52E-05,beals barberry
0.00658271,37.93366231,12.4828784,0.632729138,1.57E-05,beals barberry
0.005647687,36.91294204,12.65062856,0.618317179,1.42E-05,beals barberry
0.005086168,45.48197,12.90648294,0.602668101,1.44E-05,beals barberry
0.005194187,47.28425704,12.92884655,0.583263814,1.51E-05,beals barberry
0.005036121,51.81841913,13.06942884,0.569916678,1.70E-05,beals barberry
0.004428661,50.98451923,13.15578419,0.560844971,1.45E-05,beals barberry
0.005975812,32.28540661,12.56065547,0.669004354,1.40E-05,beals barberry
0.006583752,38.35472342,12.51585356,0.642243445,1.69E-05,beals barberry
0.006036475,37.78674483,12.60221384,0.638986855,1.48E-05,beals barberry
0.003644352,179.5106614,14.33411164,0.420551645,2.05E-05,southern magnolia
0.005874765,139.9073659,13.73122007,0.453757863,2.35E-05,southern magnolia
0.00214861,163.1858907,14.91012945,0.379131061,1.77E-05,southern magnolia
8.73E-04,591.6635652,16.55528928,0.232633699,1.76E-05,southern magnolia
0.003286593,206.0782504,14.62597165,0.39128432,2.29E-05,southern magnolia
0.002386558,195.8994337,14.9287886,0.364366755,1.90E-05,southern magnolia
0.00317555,91.90392681,14.12760452,0.451271044,1.77E-05,southern magnolia
0.002705571,237.1833018,15.06399688,0.339239549,2.13E-05,southern magnolia
0.004474633,180.1933001,14.24608669,0.397893525,2.42E-05,southern magnolia
0.002367351,112.4743931,14.39050214,0.425548765,1.69E-05,southern magnolia
0.002871918,103.2099927,14.15841334,0.449310746,1.75E-05,southern magnolia
0.004276331,178.3195366,14.28304643,0.408265674,2.47E-05,southern magnolia
0.002784666,179.999195,14.76554654,0.37110318,2.17E-05,southern magnolia
0.003978978,99.85462287,13.84896611,0.459491719,1.76E-05,southern magnolia
0.003743096,143.7041032,14.18170979,0.419922807,1.88E-05,southern magnolia
0.003113001,261.1809417,14.92262781,0.362954581,2.16E-05,southern magnolia
0.001651544,250.698321,15.43532082,0.315223248,1.94E-05,southern magnolia
0.002860064,109.629604,14.32963444,0.435728379,2.05E-05,southern magnolia
0.002392343,163.4470289,14.73836059,0.369696635,1.93E-05,southern magnolia
0.003026816,117.4955348,14.24532024,0.444245034,1.99E-05,southern magnolia
0.003111825,284.9800839,14.89674987,0.32171434,2.57E-05,southern magnolia
0.00410703,190.3374327,14.37369139,0.399426164,2.30E-05,southern magnolia
0.002578478,115.2825195,14.36805043,0.424073866,1.87E-05,southern magnolia
0.00382163,211.9399976,14.47242994,0.394608597,2.50E-05,southern magnolia
0.002772218,238.2414344,14.93149622,0.371600661,2.05E-05,southern magnolia
0.00409398,105.9562278,13.86127037,0.47795349,1.88E-05,southern magnolia
0.002653811,190.7648436,14.69343823,0.369578935,1.98E-05,southern magnolia
0.003250212,279.5887112,15.05072217,0.31616915,2.28E-05,southern magnolia
0.002194794,213.6232507,15.12255747,0.361812995,1.86E-05,southern magnolia
0.0030015,105.9875101,14.15059898,0.423066347,1.73E-05,southern magnolia
0.003861923,113.8956769,13.79161278,0.39500525,1.89E-05,canadian poplar
0.005727367,85.52089903,13.05574967,0.448685491,1.91E-05,canadian poplar
0.01987276,22.48955611,10.64862123,0.802943744,1.54E-05,canadian poplar
0.002254684,158.2912412,14.80232204,0.338297313,1.60E-05,canadian poplar
0.005155591,67.2979333,13.25744055,0.501310406,1.71E-05,canadian poplar
0.005997208,66.95064865,12.93374883,0.525170066,1.62E-05,canadian poplar
0.003798053,96.83046126,13.73951168,0.439634779,1.82E-05,canadian poplar
0.006049235,75.18597273,13.06234809,0.505919005,1.57E-05,canadian poplar
0.003993374,98.76091367,13.63716511,0.459249607,2.00E-05,canadian poplar
0.008250626,66.74850679,12.46955372,0.515727387,1.89E-05,canadian poplar
0.005181379,73.78197191,13.26666023,0.516717922,1.80E-05,canadian poplar
0.002363674,135.5996555,14.560897,0.400929391,2.09E-05,canadian poplar
0.004077334,94.03558491,13.62818838,0.494671019,2.02E-05,canadian poplar
0.003619825,92.19995981,13.85813126,0.480492955,1.72E-05,canadian poplar
0.02775028,22.31859146,10.48943571,0.993406157,1.90E-05,canadian poplar
0.019625738,11.13364995,10.8046362,1.107269918,1.68E-05,canadian poplar
1.509634041,4.161415763,4.103023513,1.638637688,9.79E-06,canadian poplar
1.242294083,5.239197248,5.036393289,1.582522276,1.02E-05,canadian poplar
1.46632247,4.357894078,4.341334398,1.627140597,9.73E-06,canadian poplar
0.042558485,13.76492749,9.328098106,1.062329125,1.59E-05,canadian poplar
0.05864954,9.581396998,9.020969868,1.136632667,1.55E-05,canadian poplar
0.04111315,10.54693719,9.583854574,1.069144999,1.49E-05,canadian poplar
0.036844428,10.81948819,9.750170339,1.165087766,1.54E-05,canadian poplar
0.072331149,9.31047003,8.739412273,1.143747087,1.53E-05,canadian poplar
0.057328873,8.628004981,8.949354899,1.176005582,1.51E-05,canadian poplar
0.043572307,12.25355362,9.327642378,1.059747724,1.56E-05,canadian poplar
1.623314103,3.569160759,3.83043393,1.681150208,9.73E-06,canadian poplar
1.678511123,3.593648874,3.750944509,1.69312719,9.82E-06,canadian poplar
0.03970576,12.8124787,9.672960723,1.029603201,1.67E-05,canadian poplar
0.036166521,14.94081767,9.960829043,0.993694927,1.97E-05,canadian poplar
0.005327486,107.0753603,13.12045673,0.436905825,1.39E-05,chinese tulip tree
0.008118561,53.78567705,12.39535465,0.549181457,1.58E-05,chinese tulip tree
0.012773826,28.88291132,11.4062533,0.695014033,1.32E-05,chinese tulip tree
0.013818177,34.81066224,11.23210482,0.659989408,1.44E-05,chinese tulip tree
0.01011885,42.6541834,11.91974432,0.617909094,1.61E-05,chinese tulip tree
0.010265699,44.97518661,11.89146434,0.599896042,1.51E-05,chinese tulip tree
0.005768226,59.11060853,12.93547264,0.535002312,1.58E-05,chinese tulip tree
0.011613306,35.10783836,11.70596998,0.652497583,1.53E-05,chinese tulip tree
0.011146951,39.41439522,11.79990499,0.635142489,1.54E-05,chinese tulip tree
0.015368066,27.98488365,11.14278061,0.734720631,1.37E-05,chinese tulip tree
0.006237223,83.36543958,12.76167301,0.492168525,1.41E-05,chinese tulip tree
0.012402272,47.33645312,11.4866184,0.648609712,1.45E-05,chinese tulip tree
0.014334244,27.25339244,11.0787268,0.72281637,1.38E-05,chinese tulip tree
0.018791913,18.32529225,10.72214358,0.918631171,1.41E-05,chinese tulip tree
0.018147918,9.08037927,10.7211369,1.041813504,1.47E-05,chinese tulip tree
0.021607209,10.04112352,10.46627872,0.994736074,1.57E-05,chinese tulip tree
0.027274047,9.046002424,9.919564083,1.065583724,1.40E-05,chinese tulip tree
0.040710427,3.811783606,9.286586758,1.331540202,1.32E-05,chinese tulip tree
0.042696022,5.368926173,9.246662474,1.2773125,1.44E-05,chinese tulip tree
0.039670791,4.883818965,9.511855931,1.266825648,1.38E-05,chinese tulip tree
0.03195826,5.795829671,9.801242826,1.210171519,1.42E-05,chinese tulip tree
0.027750967,5.06995551,9.929141132,1.233951256,1.37E-05,chinese tulip tree
0.024450652,10.88835593,10.30028371,1.09941156,1.35E-05,chinese tulip tree
0.021778742,7.176341318,10.19044958,1.133516412,1.33E-05,chinese tulip tree
0.026117641,7.617865174,10.12494682,1.098213904,1.48E-05,chinese tulip tree
0.025250541,7.932474953,10.02722514,1.139195482,1.37E-05,chinese tulip tree
0.033345152,8.170660555,9.421259774,1.092910599,1.27E-05,chinese tulip tree
0.036392689,5.193217615,9.470729602,1.264846614,1.35E-05,chinese tulip tree
0.026478708,5.441579739,10.12688094,1.222340656,1.49E-05,chinese tulip tree
0.025107269,19.9495155,10.4394306,0.926503597,1.40E-05,chinese tulip tree
0.006478666,68.42410037,12.64105284,0.493315016,1.60E-05,tangerine
0.003844338,132.265784,13.68770356,0.372639337,1.57E-05,tangerine
0.004970182,79.05504432,13.17921619,0.48579551,1.83E-05,tangerine
0.002048744,233.0047159,14.80854961,0.276046647,1.62E-05,tangerine
0.001971974,227.6765075,14.91663663,0.280216093,1.59E-05,tangerine
0.004851528,108.0393425,13.31263518,0.42061318,1.85E-05,tangerine
0.006237043,70.04903979,12.72933741,0.499312548,1.49E-05,tangerine
0.017012409,25.50038936,10.79566098,0.860860563,1.81E-05,tangerine
0.003946592,107.4588798,13.57714918,0.390662364,1.45E-05,tangerine
0.005964152,87.48849366,12.8765377,0.432760143,1.48E-05,tangerine
0.00335358,124.4747466,13.85337579,0.400045133,1.99E-05,tangerine
0.003004766,131.6610367,13.93031778,0.400192937,2.27E-05,tangerine
0.004610946,149.3569329,13.52379769,0.392037167,2.67E-05,tangerine
0.002629511,158.6378458,14.4112311,0.340935474,1.47E-05,tangerine
0.003350066,125.1156357,13.82773015,0.39819522,1.93E-05,tangerine
0.003985614,98.63798214,13.4730838,0.410599483,1.56E-05,tangerine
0.00386099,108.3035276,13.67026348,0.405539442,1.78E-05,tangerine
0.005467528,78.76479258,12.94481404,0.463314429,1.71E-05,tangerine
0.006322777,72.67620722,12.73031745,0.476752468,1.60E-05,tangerine
0.002114219,157.8585889,14.6108342,0.332905933,1.65E-05,tangerine
0.003554793,124.6760098,13.79214344,0.364726569,1.41E-05,tangerine
0.003354695,126.9917212,13.85368414,0.358808256,1.49E-05,tangerine
0.004142881,98.72512422,13.47573445,0.405118731,1.50E-05,tangerine
0.011250867,47.0454995,11.83337467,0.594977084,1.40E-05,tangerine
0.004063202,125.9009624,13.58901608,0.371557834,1.45E-05,tangerine
0.003997106,109.828468,13.51250612,0.392780754,1.43E-05,tangerine
0.005466312,92.37477606,12.98993464,0.437403323,1.53E-05,tangerine
0.006267167,83.28754713,12.7330912,0.484080731,1.64E-05,tangerine
0.004200869,113.1963647,13.39966882,0.381589108,1.33E-05,tangerine
0.003828821,142.2789603,13.70569926,0.358388717,1.74E-05,tangerine
